{"groups":{"1068599708":1068599708,"1034423478":1034423478,"1062851870":1062851870},"1068599708":{"moderators":[],"long_id":"$050000009c89b13f9e0918598a8bf688","group_type":"SuperGroup","set_owner":139856331,"settings":{"lock_arabic":"no","lock_contacts":"no","lock_rtl":"no","lock_sticker":"no","public":"no","member":"no","flood":"yes","lock_link":"no","strict":"no","lock_spam":"yes","set_name":"الہٰفہٰرقة الہٰذهبٰٰيٰة [̲̅S]➰[̲̅F̲̅]"}},"1034423478":{"moderators":{"206480902":"(at)XSWAT","147904517":"(at)Sssss55656"},"long_id":"$05000000b60ca83d8621acabd85833b9","group_type":"SuperGroup","set_owner":"206480902","settings":{"lock_arabic":"no","lock_contacts":"no","lock_rtl":"no","lock_sticker":"no","public":"no","member":"no","flood":"yes","strict":"no","lock_link":"no","lock_spam":"yes","set_name":"تہۣۗہہۣۗہڪہۣۗہۣۗہريٌـٌٌـٌٌٌـٌٌت 😍 اآإلـۧﹻﹻ؏ـۣۗہۣۗہز"}},"1062851870":{"moderators":[],"long_id":"$050000001ed5593fa68988f57b39463f","group_type":"SuperGroup","set_owner":40515514,"settings":{"lock_arabic":"no","lock_contacts":"no","lock_rtl":"no","lock_sticker":"no","public":"no","member":"no","flood":"yes","strict":"no","lock_link":"no","lock_spam":"yes","set_name":"اكبر تجمع شباب  وبنات العراق"}}}